{
    "loss": 0.1536741405725479,
    "accuracy": 0.9568965435028076
}